p,sim,local_edges,nonlocal_edges,mean_degree,rounds,absorbed,frozen,capped,local_matches,nonlocal_matches,realized_nonlocal_match_fraction,final_active_density,final_cluster_count,final_largest_cluster_fraction,final_interface_length,winner_site
0.04,0,19800,394,4.0388,18616,False,True,False,1911457,32028,0.016479674399339332,0.2611,2611,0.00038299502106472615,10312,-1
0.04,1,19800,375,4.035,23404,False,True,False,2062208,45153,0.02142632420358923,0.2564,2564,0.000390015600624025,10137,-1
0.04,2,19800,388,4.0376,18418,False,True,False,1939282,39369,0.019896889345316582,0.2588,2588,0.0003863987635239567,10233,-1
0.04,3,19800,398,4.0396,16718,False,True,False,2004751,29023,0.014270513832903755,0.2513,2513,0.0003979307600477517,9926,-1
0.04,4,19800,411,4.0422,24672,False,True,False,1981367,21107,0.010540461449187355,0.2543,2543,0.00039323633503735744,10048,-1
0.04,5,19800,360,4.032,13268,False,True,False,1929490,40623,0.02061962943242342,0.2551,2551,0.0003920031360250882,10093,-1
0.04,6,19800,400,4.04,12504,False,True,False,1924267,45977,0.023335688371592556,0.2574,2574,0.0003885003885003885,10177,-1
0.04,7,19800,406,4.0412,14931,False,True,False,2027106,35033,0.016988670501842988,0.2561,2561,0.0003904724716907458,10117,-1
0.04,8,19800,402,4.0404,12536,False,True,False,1978891,40735,0.02016957595119096,0.2593,2593,0.0003856536829926726,10248,-1
0.04,9,19800,414,4.0428,22533,False,True,False,1989674,42151,0.02074538899757607,0.2594,2594,0.00038550501156515033,10261,-1
0.06,0,19800,605,4.081,10139,False,True,False,1948262,61197,0.030454465604921523,0.2574,2574,0.0003885003885003885,10178,-1
0.06,1,19800,597,4.0794,16449,False,True,False,1971736,56494,0.027853843005970724,0.2543,2543,0.00039323633503735744,10051,-1
0.06,2,19800,658,4.0916,24002,False,True,False,2003155,76056,0.036579260113571925,0.2566,2566,0.0003897116134060795,10136,-1
0.06,3,19800,622,4.0844,15319,False,True,False,1988848,63626,0.03099966187147803,0.2586,2586,0.0003866976024748647,10230,-1
0.06,4,19800,599,4.0798,19642,False,True,False,1997295,60068,0.029196597780751378,0.257,2570,0.0003891050583657588,10155,-1
0.06,5,19800,641,4.0882,16724,False,True,False,2003075,60668,0.029397071243851585,0.2521,2521,0.0003966679888932963,9969,-1
0.06,6,19800,616,4.0832,23758,False,True,False,2025341,47114,0.02273342485120304,0.2586,2586,0.0003866976024748647,10224,-1
0.06,7,19800,578,4.0756,25877,False,True,False,1979204,62430,0.03057844843884849,0.2563,2563,0.0003901677721420211,10124,-1
0.06,8,19800,593,4.0786,18755,False,True,False,2071624,73829,0.03441184682209305,0.2509,2509,0.00039856516540454366,9905,-1
0.06,9,19800,573,4.0746,17210,False,True,False,1999286,78704,0.037875061958912215,0.2562,2562,0.00039032006245121,10131,-1
0.07999999999999999,0,19800,775,4.115,29011,False,True,False,2015312,62318,0.02999475363755818,0.2545,2545,0.0003929273084479371,10052,-1
0.07999999999999999,1,19800,789,4.1178,19514,False,True,False,1986328,76234,0.03696082832903932,0.2533,2533,0.00039478878799842083,10007,-1
0.07999999999999999,2,19800,752,4.1104,29141,False,True,False,1958616,71213,0.0350832508551213,0.2537,2537,0.00039416633819471815,10022,-1
0.07999999999999999,3,19800,816,4.1232,16231,False,True,False,1993150,62043,0.03018840566311777,0.2552,2552,0.00039184952978056425,10077,-1
0.07999999999999999,4,19800,794,4.1188,12741,False,True,False,1944624,90043,0.04425441607889645,0.2554,2554,0.00039154267815191856,10095,-1
0.07999999999999999,5,19800,753,4.1106,19318,False,True,False,1927687,68655,0.034390400041676226,0.2541,2541,0.0003935458480913026,10045,-1
0.07999999999999999,6,19800,797,4.1194,13747,False,True,False,2000231,79677,0.03830794438984801,0.2533,2533,0.00039478878799842083,10009,-1
0.07999999999999999,7,19800,774,4.1148,28152,False,True,False,2040781,79130,0.03732703872945609,0.2506,2506,0.0003990422984836393,9904,-1
0.07999999999999999,8,19800,825,4.125,20108,False,True,False,1947677,90458,0.0443827322527703,0.2569,2569,0.00038925652004671076,10146,-1
0.07999999999999999,9,19800,821,4.1242,22081,False,True,False,2067815,71641,0.03348561503484998,0.2547,2547,0.00039261876717707107,10073,-1
0.09999999999999999,0,19800,995,4.159,33633,False,True,False,1996385,111520,0.05290561007256019,0.249,2490,0.00040160642570281126,9840,-1
0.09999999999999999,1,19800,978,4.1556,12434,False,True,False,1984513,91766,0.04419733571451621,0.251,2510,0.00039840637450199205,9931,-1
0.09999999999999999,2,19800,1031,4.1662,10981,False,True,False,1930194,107523,0.052766404755910656,0.2541,2541,0.0003935458480913026,10034,-1
0.09999999999999999,3,19800,984,4.1568,16948,False,True,False,1980174,86572,0.04188806945797887,0.255,2550,0.000392156862745098,10075,-1
0.09999999999999999,4,19800,985,4.157,17803,False,True,False,2116866,83078,0.0377636885302535,0.2482,2482,0.00040290088638195,9812,-1
0.09999999999999999,5,19800,953,4.1506,14093,False,True,False,1972353,91837,0.044490574995518825,0.2525,2525,0.00039603960396039607,9986,-1
0.09999999999999999,6,19800,1013,4.1626,29111,False,True,False,1998964,111770,0.05295314331412675,0.2545,2545,0.0003929273084479371,10053,-1
0.09999999999999999,7,19800,1014,4.1628,19798,False,True,False,2012511,100153,0.04740602386370951,0.2477,2477,0.0004037141703673799,9790,-1
0.09999999999999999,8,19800,961,4.1522,11681,False,True,False,1950592,87833,0.04308865913634301,0.2555,2555,0.0003913894324853229,10098,-1
0.09999999999999999,9,19800,1012,4.1624,36788,False,True,False,1994018,117646,0.05571246183104888,0.253,2530,0.0003952569169960474,9987,-1
0.12,0,19800,1161,4.1922,24150,False,True,False,2081506,87952,0.040541001485163576,0.2482,2482,0.00040290088638195,9817,-1
0.12,1,19800,1227,4.2054,27047,False,True,False,1954924,133531,0.06393769556921265,0.2514,2514,0.0003977724741447892,9942,-1
0.12,2,19800,1200,4.2,13271,False,True,False,1972983,121736,0.05811567088473442,0.2519,2519,0.0003969829297340214,9955,-1
0.12,3,19800,1170,4.194,15182,False,True,False,2010254,116949,0.054977827692044436,0.253,2530,0.0003952569169960474,9999,-1
0.12,4,19800,1181,4.1962,20873,False,True,False,2000394,100045,0.04763051914385517,0.2525,2525,0.00039603960396039607,9979,-1
0.12,5,19800,1208,4.2016,12610,False,True,False,1963839,109644,0.05287914103949731,0.2467,2467,0.00040535062829347385,9752,-1
0.12,6,19800,1229,4.2058,14442,False,True,False,1947875,103835,0.0506090041964995,0.2521,2521,0.0003966679888932963,9964,-1
0.12,7,19800,1143,4.1886,19700,False,True,False,2081971,127654,0.0577717938564236,0.249,2490,0.00040160642570281126,9847,-1
0.12,8,19800,1177,4.1954,17676,False,True,False,2020224,105001,0.049407003964286135,0.2505,2505,0.0003992015968063872,9907,-1
0.12,9,19800,1255,4.211,13407,False,True,False,1960957,143937,0.0683820657952372,0.2509,2509,0.00039856516540454366,9919,-1
0.13999999999999999,0,19800,1390,4.238,18049,False,True,False,1954187,129757,0.06226510885129351,0.2504,2504,0.00039936102236421724,9895,-1
0.13999999999999999,1,19800,1352,4.2304,16797,False,True,False,1943269,119261,0.057822674094437414,0.2504,2504,0.00039936102236421724,9897,-1
0.13999999999999999,2,19800,1382,4.2364,16795,False,True,False,1934122,145034,0.0697561895307519,0.2526,2526,0.000395882818685669,9984,-1
0.13999999999999999,3,19800,1372,4.2344,10193,False,True,False,1929628,144515,0.06967455956508302,0.2512,2512,0.0003980891719745223,9921,-1
0.13999999999999999,4,19800,1358,4.2316,19999,False,True,False,1967527,157325,0.07404045081728045,0.2488,2488,0.00040192926045016077,9838,-1
0.13999999999999999,5,19800,1427,4.2454,26568,False,True,False,2075395,134787,0.06098457050143382,0.2462,2462,0.00040617384240454913,9730,-1
0.13999999999999999,6,19800,1407,4.2414,17799,False,True,False,2017254,124735,0.05823325890095608,0.2489,2489,0.0004017677782241864,9821,-1
0.13999999999999999,7,19800,1393,4.2386,21715,False,True,False,1999030,190056,0.08681979602445952,0.2499,2499,0.00040016006402561027,9877,-1
0.13999999999999999,8,19800,1398,4.2396,17439,False,True,False,2049064,140991,0.06437783525984507,0.2491,2491,0.0004014452027298274,9832,-1
0.13999999999999999,9,19800,1400,4.24,20225,False,True,False,1995430,151879,0.07072992289418989,0.2511,2511,0.00039824771007566706,9924,-1
0.15999999999999998,0,19800,1647,4.2894,26294,False,True,False,2036315,172208,0.07797428417091423,0.2445,2445,0.00040899795501022495,9665,-1
0.15999999999999998,1,19800,1676,4.2952,15783,False,True,False,1986059,134483,0.06341916359119508,0.245,2450,0.00040816326530612246,9683,-1
0.15999999999999998,2,19800,1610,4.282,20836,False,True,False,1899672,194575,0.09290928911441679,0.2497,2497,0.00040048057669203043,9876,-1
0.15999999999999998,3,19800,1557,4.2714,15575,False,True,False,2024255,168935,0.07702707015808023,0.2467,2467,0.00040535062829347385,9757,-1
0.15999999999999998,4,19800,1591,4.2782,15509,False,True,False,1999834,172079,0.07922923247846483,0.2488,2488,0.00040192926045016077,9821,-1
0.15999999999999998,5,19800,1545,4.269,12130,False,True,False,1949685,125602,0.06052271324399951,0.2539,2539,0.00039385584875935406,10040,-1
0.15999999999999998,6,19800,1640,4.288,23346,False,True,False,2022450,165607,0.07568678512488478,0.249,2490,0.00040160642570281126,9838,-1
0.15999999999999998,7,19800,1576,4.2752,18162,False,True,False,1973224,157868,0.0740784536753927,0.2459,2459,0.00040666937779585197,9715,-1
0.15999999999999998,8,19800,1540,4.268,17069,False,True,False,1959068,144176,0.06854934567743923,0.2467,2467,0.00040535062829347385,9751,-1
0.15999999999999998,9,19800,1572,4.2744,14061,False,True,False,2024930,143913,0.06635473383735015,0.2476,2476,0.0004038772213247173,9789,-1
0.18,0,19800,1802,4.3204,20117,False,True,False,1920228,199619,0.09416670165346838,0.248,2480,0.0004032258064516129,9795,-1
0.18,1,19800,1790,4.318,23779,False,True,False,2095626,180166,0.07916628584686122,0.2416,2416,0.0004139072847682119,9548,-1
0.18,2,19800,1803,4.3206,18549,False,True,False,2051441,219496,0.09665437658552395,0.2458,2458,0.0004068348250610252,9713,-1
0.18,3,19800,1817,4.3234,17996,False,True,False,1955368,194678,0.09054596971413635,0.2464,2464,0.00040584415584415587,9735,-1
0.18,4,19800,1749,4.3098,17465,False,True,False,1968958,166319,0.07789106518732698,0.2457,2457,0.000407000407000407,9711,-1
0.18,5,19800,1756,4.3112,35723,False,True,False,2029195,221540,0.09843006839987826,0.2468,2468,0.0004051863857374392,9748,-1
0.18,6,19800,1819,4.3238,15744,False,True,False,1888504,158820,0.07757443374863969,0.2497,2497,0.00040048057669203043,9864,-1
0.18,7,19800,1835,4.327,20791,False,True,False,1974700,192983,0.08902731626349425,0.251,2510,0.00039840637450199205,9923,-1
0.18,8,19800,1812,4.3224,15415,False,True,False,1952150,178211,0.08365295834837382,0.2463,2463,0.0004060089321965083,9740,-1
0.18,9,19800,1825,4.325,36918,False,True,False,1975319,151550,0.07125497621151092,0.2476,2476,0.0004038772213247173,9783,-1
0.19999999999999998,0,19800,2004,4.3608,16963,False,True,False,2013035,183563,0.08356695216876278,0.2403,2403,0.0004161464835622139,9497,-1
0.19999999999999998,1,19800,2089,4.3778,15076,False,True,False,2032469,200071,0.08961586354555798,0.243,2430,0.00041152263374485596,9602,-1
0.19999999999999998,2,19800,1972,4.3544,13284,False,True,False,1901940,172746,0.08326368423944636,0.2466,2466,0.00040551500405515005,9740,-1
0.19999999999999998,3,19800,1972,4.3544,25408,False,True,False,1922305,219774,0.10259845691965609,0.2494,2494,0.00040096230954290296,9859,-1
0.19999999999999998,4,19800,1994,4.3588,18313,False,True,False,1880435,180567,0.0876112686935772,0.2482,2482,0.00040290088638195,9818,-1
0.19999999999999998,5,19800,2039,4.3678,42574,False,True,False,2049496,211036,0.09335678503998174,0.244,2440,0.0004098360655737705,9633,-1
0.19999999999999998,6,19800,1972,4.3544,19065,False,True,False,2066621,175951,0.07845946529253019,0.2428,2428,0.00041186161449752884,9605,-1
0.19999999999999998,7,19800,2010,4.362,18221,False,True,False,1919194,208507,0.09799638201044225,0.2492,2492,0.0004012841091492777,9855,-1
0.19999999999999998,8,19800,2054,4.3708,20893,False,True,False,1971121,210111,0.09632675478811974,0.2495,2495,0.0004008016032064128,9854,-1
0.19999999999999998,9,19800,1967,4.3534,18100,False,True,False,2012165,168449,0.07724842636064888,0.2468,2468,0.0004051863857374392,9761,-1
0.21999999999999997,0,19800,2187,4.3974,22777,False,True,False,2057135,203285,0.08993240194300174,0.2431,2431,0.00041135335252982314,9611,-1
0.21999999999999997,1,19800,2190,4.398,14466,False,True,False,1946332,228031,0.10487255347888094,0.2431,2431,0.00041135335252982314,9608,-1
0.21999999999999997,2,19800,2179,4.3958,23287,False,True,False,2052067,195000,0.0867797889426528,0.2414,2414,0.00041425020712510354,9544,-1
0.21999999999999997,3,19800,2172,4.3944,23872,False,True,False,1979067,244939,0.11013414532155039,0.2439,2439,0.0004100041000410004,9643,-1
0.21999999999999997,4,19800,2185,4.397,24033,False,True,False,2031893,220624,0.09794554269734701,0.244,2440,0.0004098360655737705,9645,-1
0.21999999999999997,5,19800,2204,4.4008,34786,False,True,False,2035869,242263,0.10634282824700236,0.2388,2388,0.0004187604690117253,9434,-1
0.21999999999999997,6,19800,2194,4.3988,25009,False,True,False,2093931,264263,0.11206160307421696,0.2395,2395,0.0004175365344467641,9474,-1
0.21999999999999997,7,19800,2215,4.403,15056,False,True,False,1924933,221263,0.10309543024029492,0.2445,2445,0.00040899795501022495,9660,-1
0.21999999999999997,8,19800,2221,4.4042,27519,False,True,False,1897572,244751,0.11424561095595762,0.2435,2435,0.0004106776180698152,9617,-1
0.21999999999999997,9,19800,2165,4.393,22756,False,True,False,1970997,229041,0.10410774722982058,0.2473,2473,0.0004043671653861706,9776,-1
0.23999999999999996,0,19800,2369,4.4338,16870,False,True,False,1906191,232343,0.108645922861175,0.2442,2442,0.0004095004095004095,9648,-1
0.23999999999999996,1,19800,2428,4.4456,15481,False,True,False,1981887,257657,0.11504886709080063,0.2403,2403,0.0004161464835622139,9500,-1
0.23999999999999996,2,19800,2471,4.4542,16207,False,True,False,1961940,240020,0.10900288833584625,0.2428,2428,0.00041186161449752884,9587,-1
0.23999999999999996,3,19800,2376,4.4352,17991,False,True,False,1991517,219035,0.09908611061852424,0.2383,2383,0.000419639110365086,9415,-1
0.23999999999999996,4,19800,2375,4.435,18489,False,True,False,1989235,244411,0.10942244205214255,0.2453,2453,0.00040766408479412964,9701,-1
0.23999999999999996,5,19800,2480,4.456,20146,False,True,False,1958818,242648,0.11022109812279636,0.2456,2456,0.00040716612377850165,9722,-1
0.23999999999999996,6,19800,2396,4.4392,20114,False,True,False,1874155,241759,0.1142574792737323,0.2448,2448,0.0004084967320261438,9676,-1
0.23999999999999996,7,19800,2414,4.4428,19294,False,True,False,1982846,229865,0.10388387819285935,0.2463,2463,0.0004060089321965083,9735,-1
0.23999999999999996,8,19800,2455,4.451,19244,False,True,False,2025652,244478,0.10769339200838718,0.2388,2388,0.0004187604690117253,9437,-1
0.23999999999999996,9,19800,2352,4.4304,19396,False,True,False,2031591,312082,0.13315936139555304,0.236,2360,0.000423728813559322,9323,-1
0.25999999999999995,0,19800,2630,4.486,18692,False,True,False,1992676,258681,0.11490003584504813,0.2389,2389,0.0004185851820845542,9434,-1
0.25999999999999995,1,19800,2639,4.4878,22734,False,True,False,1937715,212226,0.09871247629586115,0.2402,2402,0.00041631973355537054,9496,-1
0.25999999999999995,2,19800,2619,4.4838,18579,False,True,False,1900930,248397,0.1155696643647058,0.2439,2439,0.0004100041000410004,9651,-1
0.25999999999999995,3,19800,2637,4.4874,22885,False,True,False,1952540,259000,0.11711296200837426,0.2424,2424,0.00041254125412541255,9575,-1
0.25999999999999995,4,19800,2571,4.4742,24367,False,True,False,2015617,260061,0.11427846997685964,0.2418,2418,0.00041356492969396195,9561,-1
0.25999999999999995,5,19800,2600,4.48,20929,False,True,False,1903371,301996,0.1369368454320755,0.2435,2435,0.0004106776180698152,9621,-1
0.25999999999999995,6,19800,2612,4.4824,19889,False,True,False,2019801,220349,0.09836350244403276,0.2421,2421,0.0004130524576621231,9571,-1
0.25999999999999995,7,19800,2662,4.4924,35658,False,True,False,2028182,260316,0.11374971706333149,0.2367,2367,0.0004224757076468103,9359,-1
0.25999999999999995,8,19800,2604,4.4808,12628,False,True,False,2041114,248562,0.10855771733642663,0.2407,2407,0.0004154549231408392,9511,-1
0.25999999999999995,9,19800,2671,4.4942,22022,False,True,False,1954920,290206,0.1292604513065191,0.241,2410,0.0004149377593360996,9532,-1
0.27999999999999997,0,19800,2745,4.509,16483,False,True,False,2035963,252546,0.11035394660890563,0.2379,2379,0.0004203446826397646,9403,-1
0.27999999999999997,1,19800,2908,4.5416,15167,False,True,False,1990113,277015,0.1221876312232922,0.2421,2421,0.0004130524576621231,9564,-1
0.27999999999999997,2,19800,2870,4.534,33597,False,True,False,1983894,291185,0.12798896214153443,0.2449,2449,0.0004083299305839118,9683,-1
0.27999999999999997,3,19800,2770,4.514,29032,False,True,False,2016956,227230,0.1012527482124922,0.2419,2419,0.00041339396444811904,9555,-1
0.27999999999999997,4,19800,2785,4.517,57251,False,True,False,1979652,304113,0.13316300057142483,0.2424,2424,0.00041254125412541255,9590,-1
0.27999999999999997,5,19800,2801,4.5202,26939,False,True,False,2034618,305272,0.13046425259307062,0.2351,2351,0.0004253509145044662,9287,-1
0.27999999999999997,6,19800,2845,4.529,23013,False,True,False,2011537,248265,0.10986139493637054,0.2413,2413,0.0004144218814753419,9537,-1
0.27999999999999997,7,19800,2769,4.5138,32162,False,True,False,2068137,319065,0.13365647314303525,0.2363,2363,0.00042319085907744394,9336,-1
0.27999999999999997,8,19800,2808,4.5216,20118,False,True,False,1907124,270360,0.12416164711198796,0.242,2420,0.00041322314049586776,9575,-1
0.27999999999999997,9,19800,2845,4.529,18330,False,True,False,1914724,276985,0.12637854751702896,0.2391,2391,0.0004182350480970305,9444,-1
0.29999999999999993,0,19800,3015,4.563,29752,False,True,False,2028942,340035,0.14353664049925347,0.2375,2375,0.0004210526315789474,9384,-1
0.29999999999999993,1,19800,2989,4.5578,37582,False,True,False,1999446,289481,0.1264701757635783,0.2394,2394,0.0004177109440267335,9465,-1
0.29999999999999993,2,19800,2983,4.5566,14869,False,True,False,1992684,287167,0.12595867010607273,0.2395,2395,0.0004175365344467641,9465,-1
0.29999999999999993,3,19800,2955,4.551,16808,False,True,False,1961607,306299,0.13505806678054558,0.2414,2414,0.00041425020712510354,9540,-1
0.29999999999999993,4,19800,3047,4.5694,21026,False,True,False,2005236,259995,0.11477637380028792,0.2367,2367,0.0004224757076468103,9361,-1
0.29999999999999993,5,19800,2961,4.5522,15250,False,True,False,1997359,277152,0.12185124626787912,0.2419,2419,0.00041339396444811904,9560,-1
0.29999999999999993,6,19800,3015,4.563,19887,False,True,False,1971587,318923,0.1392366765480177,0.2352,2352,0.00042517006802721087,9297,-1
0.29999999999999993,7,19800,2967,4.5534,17764,False,True,False,1944142,293683,0.13123590986784042,0.2393,2393,0.0004178854993731718,9451,-1
0.29999999999999993,8,19800,2934,4.5468,22693,False,True,False,2052364,337957,0.14138561306201133,0.2327,2327,0.0004297378599054577,9198,-1
0.29999999999999993,9,19800,2980,4.556,27286,False,True,False,2028489,261416,0.11416019441854575,0.2392,2392,0.0004180602006688963,9454,-1
0.31999999999999995,0,19800,3289,4.6178,14653,False,True,False,1909942,317997,0.1427314661667128,0.2358,2358,0.00042408821034775233,9313,-1
0.31999999999999995,1,19800,3229,4.6058,24650,False,True,False,1954595,307230,0.13583278989311728,0.2367,2367,0.0004224757076468103,9355,-1
0.31999999999999995,2,19800,3195,4.599,17889,False,True,False,2038915,331633,0.13989718832944956,0.2379,2379,0.0004203446826397646,9404,-1
0.31999999999999995,3,19800,3113,4.5826,22011,False,True,False,1990519,299898,0.1309359823997115,0.2409,2409,0.00041511000415110004,9524,-1
0.31999999999999995,4,19800,3207,4.6014,17649,False,True,False,1995427,321246,0.1386669590399681,0.2347,2347,0.00042607584149978694,9273,-1
0.31999999999999995,5,19800,3160,4.592,29915,False,True,False,2022285,308477,0.132350278578422,0.2347,2347,0.00042607584149978694,9272,-1
0.31999999999999995,6,19800,3242,4.6084,19380,False,True,False,1955228,330621,0.14463816288827477,0.239,2390,0.00041841004184100416,9445,-1
0.31999999999999995,7,19800,3192,4.5984,17666,False,True,False,1987606,292813,0.12840315748991743,0.2393,2393,0.0004178854993731718,9462,-1
0.31999999999999995,8,19800,3164,4.5928,20477,False,True,False,1983140,327419,0.14170553532716543,0.24,2400,0.0004166666666666667,9489,-1
0.31999999999999995,9,19800,3188,4.5976,30107,False,True,False,2031178,322280,0.13693892136592198,0.2388,2388,0.0004187604690117253,9438,-1
0.33999999999999997,0,19800,3389,4.6378,20480,False,True,False,1960932,312552,0.1374771056229118,0.237,2370,0.0004219409282700422,9357,-1
0.33999999999999997,1,19800,3494,4.6588,16031,False,True,False,1958381,337650,0.14705811898881158,0.2329,2329,0.00042936882782310007,9207,-1
0.33999999999999997,2,19800,3331,4.6262,27056,False,True,False,1982267,300895,0.1317887210806767,0.2355,2355,0.0004246284501061571,9309,-1
0.33999999999999997,3,19800,3480,4.656,17849,False,True,False,1884833,384699,0.16950587169513362,0.2383,2383,0.000419639110365086,9410,-1
0.33999999999999997,4,19800,3390,4.638,22511,False,True,False,1885020,434867,0.18745180260935124,0.2392,2392,0.0004180602006688963,9455,-1
0.33999999999999997,5,19800,3376,4.6352,16855,False,True,False,2040361,312460,0.13280228287659793,0.2331,2331,0.000429000429000429,9214,-1
0.33999999999999997,6,19800,3375,4.635,20359,False,True,False,1937326,323268,0.14300135274180148,0.2399,2399,0.00041684035014589413,9498,-1
0.33999999999999997,7,19800,3387,4.6374,19592,False,True,False,1898876,312499,0.14131434062517664,0.2435,2435,0.0004106776180698152,9627,-1
0.33999999999999997,8,19800,3413,4.6426,23600,False,True,False,2045850,286011,0.12265353723914076,0.2352,2352,0.00042517006802721087,9294,-1
0.33999999999999997,9,19800,3447,4.6494,15615,False,True,False,1920880,319793,0.14272185187218306,0.2367,2367,0.0004224757076468103,9356,-1
0.35999999999999993,0,19800,3621,4.6842,30082,False,True,False,1881837,319791,0.14525205893093657,0.2383,2383,0.000419639110365086,9423,-1
0.35999999999999993,1,19800,3584,4.6768,16659,False,True,False,1887339,381517,0.1681539066384116,0.2356,2356,0.00042444821731748726,9317,-1
0.35999999999999993,2,19800,3621,4.6842,24251,False,True,False,1992452,405015,0.16893454633577856,0.2364,2364,0.00042301184433164127,9345,-1
0.35999999999999993,3,19800,3646,4.6892,21667,False,True,False,1987638,368527,0.15640967419514337,0.2382,2382,0.00041981528127623844,9419,-1
0.35999999999999993,4,19800,3639,4.6878,36173,False,True,False,2013122,345456,0.14646791414148694,0.2313,2313,0.00043233895373973193,9141,-1
0.35999999999999993,5,19800,3623,4.6846,20088,False,True,False,1927450,380906,0.16501180927032053,0.2388,2388,0.0004187604690117253,9443,-1
0.35999999999999993,6,19800,3650,4.69,51088,False,True,False,2040012,374084,0.15495821210092722,0.2375,2375,0.0004210526315789474,9378,-1
0.35999999999999993,7,19800,3601,4.6802,27765,False,True,False,2025727,408591,0.1678461893639204,0.2342,2342,0.0004269854824935952,9260,-1
0.35999999999999993,8,19800,3654,4.6908,68557,False,True,False,1956043,394879,0.16796771649591097,0.2345,2345,0.00042643923240938164,9264,-1
0.35999999999999993,9,19800,3592,4.6784,24211,False,True,False,1946135,333134,0.14615826389952216,0.2322,2322,0.0004306632213608958,9180,-1
0.37999999999999995,0,19800,3742,4.7084,30117,False,True,False,2058471,400714,0.16294585401260986,0.2299,2299,0.00043497172683775554,9094,-1
0.37999999999999995,1,19800,3829,4.7258,32722,False,True,False,1999445,407111,0.1691674741830234,0.2326,2326,0.0004299226139294927,9194,-1
0.37999999999999995,2,19800,3769,4.7138,27631,False,True,False,1983323,370151,0.15727855927025325,0.2315,2315,0.00043196544276457883,9153,-1
0.37999999999999995,3,19800,3783,4.7166,19133,False,True,False,2007670,408101,0.16893198900061304,0.229,2290,0.0004366812227074236,9045,-1
0.37999999999999995,4,19800,3779,4.7158,22198,False,True,False,1989131,353105,0.15075551737741202,0.2341,2341,0.00042716787697565144,9249,-1
0.37999999999999995,5,19800,3803,4.7206,16341,False,True,False,1968878,376392,0.16048983699105007,0.2331,2331,0.000429000429000429,9218,-1
0.37999999999999995,6,19800,3758,4.7116,24006,False,True,False,1962835,395732,0.16778493042597475,0.2308,2308,0.0004332755632582322,9125,-1
0.37999999999999995,7,19800,3816,4.7232,29402,False,True,False,2075171,391158,0.15859927852285724,0.2306,2306,0.0004336513443191674,9108,-1
0.37999999999999995,8,19800,3694,4.6988,35945,False,True,False,2025272,379368,0.1577649876904651,0.2356,2356,0.00042444821731748726,9313,-1
0.37999999999999995,9,19800,3745,4.709,16563,False,True,False,2125458,357435,0.143959083214621,0.2307,2307,0.00043346337234503684,9111,-1
0.39999999999999997,0,19800,3965,4.753,18786,False,True,False,1936918,449697,0.18842460975063008,0.2316,2316,0.0004317789291882556,9158,-1
0.39999999999999997,1,19800,3997,4.7594,18491,False,True,False,1972048,359316,0.15412265094596983,0.2366,2366,0.00042265426880811494,9359,-1
0.39999999999999997,2,19800,4013,4.7626,21462,False,True,False,1939530,371437,0.16072795500757908,0.2341,2341,0.00042716787697565144,9255,-1
0.39999999999999997,3,19800,4025,4.765,21901,False,True,False,1939908,442419,0.18570876290282567,0.2311,2311,0.00043271311120726956,9134,-1
0.39999999999999997,4,19800,4009,4.7618,30137,False,True,False,2022411,375871,0.15672510572151233,0.2305,2305,0.0004338394793926247,9107,-1
0.39999999999999997,5,19800,4052,4.7704,24412,False,True,False,1935260,371765,0.16114476436102773,0.2342,2342,0.0004269854824935952,9252,-1
0.39999999999999997,6,19800,3962,4.7524,16268,False,True,False,1913175,383425,0.16695332230253418,0.231,2310,0.0004329004329004329,9130,-1
0.39999999999999997,7,19800,3966,4.7532,15487,False,True,False,1897419,377018,0.16576321964512536,0.235,2350,0.000425531914893617,9290,-1
0.39999999999999997,8,19800,3958,4.7516,19536,False,True,False,1971519,391217,0.16557795708026626,0.2305,2305,0.0004338394793926247,9111,-1
0.39999999999999997,9,19800,3986,4.7572,50325,False,True,False,2077576,438902,0.1744112207617154,0.2288,2288,0.00043706293706293706,9039,-1
0.41999999999999993,0,19800,4213,4.8026,25253,False,True,False,1980875,395458,0.16641522884208568,0.2361,2361,0.00042354934349851756,9335,-1
0.41999999999999993,1,19800,4203,4.8006,34885,False,True,False,1933730,424032,0.17984512431704303,0.2319,2319,0.00043122035360068997,9169,-1
0.41999999999999993,2,19800,4276,4.8152,29073,False,True,False,2003247,399810,0.16637557910611359,0.2321,2321,0.00043084877208099956,9181,-1
0.41999999999999993,3,19800,4190,4.798,25435,False,True,False,2070003,381892,0.1557538149064295,0.2292,2292,0.0004363001745200698,9061,-1
0.41999999999999993,4,19800,4146,4.7892,17745,False,True,False,1993106,377956,0.1594036764960174,0.2339,2339,0.00042753313381787086,9240,-1
0.41999999999999993,5,19800,4132,4.7864,26666,False,True,False,2042861,355637,0.14827487869491657,0.2282,2282,0.00043821209465381246,9013,-1
0.41999999999999993,6,19800,4201,4.8002,19642,False,True,False,2079554,443284,0.1757084680030981,0.2292,2292,0.0004363001745200698,9061,-1
0.41999999999999993,7,19800,4269,4.8138,21010,False,True,False,2028084,439033,0.17795386274749028,0.2244,2244,0.000445632798573975,8864,-1
0.41999999999999993,8,19800,4189,4.7978,41842,False,True,False,2136387,384495,0.1525239975532373,0.226,2260,0.0004424778761061947,8925,-1
0.41999999999999993,9,19800,4215,4.803,24663,False,True,False,2021204,432532,0.17627487227639813,0.2316,2316,0.0004317789291882556,9161,-1
0.43999999999999995,0,19800,4347,4.8294,25460,False,True,False,1929331,421423,0.17927141674543573,0.2358,2358,0.00042408821034775233,9331,-1
0.43999999999999995,1,19800,4328,4.8256,15835,False,True,False,1987317,442371,0.18206905578000138,0.2306,2306,0.0004336513443191674,9103,-1
0.43999999999999995,2,19800,4358,4.8316,26935,False,True,False,1967323,459367,0.18929776774124424,0.2327,2327,0.0004297378599054577,9191,-1
0.43999999999999995,3,19800,4352,4.8304,25280,False,True,False,1990542,359787,0.1530794199450375,0.2311,2311,0.00043271311120726956,9128,-1
0.43999999999999995,4,19800,4442,4.8484,18149,False,True,False,1914127,372940,0.16306474624486297,0.2371,2371,0.00042176296921130323,9371,-1
0.43999999999999995,5,19800,4377,4.8354,14758,False,True,False,1913386,458068,0.19315913359483253,0.2298,2298,0.0004351610095735422,9093,-1
0.43999999999999995,6,19800,4402,4.8404,26838,False,True,False,1898125,460381,0.1952002666094553,0.233,2330,0.00042918454935622315,9209,-1
0.43999999999999995,7,19800,4418,4.8436,17457,False,True,False,1970870,435614,0.18101678631563725,0.2294,2294,0.00043591979075850045,9066,-1
0.43999999999999995,8,19800,4389,4.8378,24979,False,True,False,1905159,405788,0.17559381500311344,0.2306,2306,0.0004336513443191674,9109,-1
0.43999999999999995,9,19800,4365,4.833,23331,False,True,False,1947072,429620,0.18076385160550884,0.2316,2316,0.0004317789291882556,9136,-1
0.45999999999999996,0,19800,4597,4.8794,17402,False,True,False,1912345,446475,0.18927896151465562,0.2316,2316,0.0004317789291882556,9150,-1
0.45999999999999996,1,19800,4620,4.884,27860,False,True,False,2013967,479200,0.19220533562332567,0.2256,2256,0.0004432624113475177,8922,-1
0.45999999999999996,2,19800,4619,4.8838,37541,False,True,False,2011557,456490,0.18496001089120265,0.2285,2285,0.000437636761487965,9030,-1
0.45999999999999996,3,19800,4572,4.8744,17510,False,True,False,1935062,408117,0.17417235302979414,0.2301,2301,0.000434593654932638,9093,-1
0.45999999999999996,4,19800,4656,4.8912,34491,False,True,False,2031286,415898,0.1699496237307861,0.2258,2258,0.0004428697962798937,8924,-1
0.45999999999999996,5,19800,4527,4.8654,18560,False,True,False,1878098,420624,0.18298167416503605,0.229,2290,0.0004366812227074236,9054,-1
0.45999999999999996,6,19800,4608,4.8816,44549,False,True,False,1985362,504813,0.20272189705542784,0.225,2250,0.00044444444444444447,8896,-1
0.45999999999999996,7,19800,4570,4.874,33534,False,True,False,1980056,461171,0.18890951148746102,0.2308,2308,0.0004332755632582322,9128,-1
0.45999999999999996,8,19800,4625,4.885,26125,False,True,False,1983316,435222,0.1799525167683948,0.2335,2335,0.00042826552462526765,9237,-1
0.45999999999999996,9,19800,4649,4.8898,17383,False,True,False,1903946,425591,0.18269338499452895,0.2317,2317,0.00043159257660768235,9157,-1
0.4799999999999999,0,19800,4892,4.9384,37418,False,True,False,2110406,437961,0.17185946922087753,0.2243,2243,0.00044583147570218456,8872,-1
0.4799999999999999,1,19800,4747,4.9094,20002,False,True,False,2043122,466582,0.1859111672133447,0.2276,2276,0.0004393673110720562,8995,-1
0.4799999999999999,2,19800,4808,4.9216,22737,False,True,False,1976623,464069,0.1901382886492847,0.2256,2256,0.0004432624113475177,8920,-1
0.4799999999999999,3,19800,4766,4.9132,27840,False,True,False,1972394,454789,0.18737318117340143,0.2284,2284,0.00043782837127845885,9028,-1
0.4799999999999999,4,19800,4855,4.931,17949,False,True,False,1921690,456728,0.19203016458839448,0.2297,2297,0.00043535045711797995,9085,-1
0.4799999999999999,5,19800,4873,4.9346,41308,False,True,False,2142777,496659,0.18816860874823257,0.2253,2253,0.0004438526409232135,8904,-1
0.4799999999999999,6,19800,4823,4.9246,19341,False,True,False,1991896,490891,0.19771772608765875,0.2224,2224,0.0004496402877697842,8788,-1
0.4799999999999999,7,19800,4766,4.9132,49227,False,True,False,1990327,448249,0.18381588271187776,0.2261,2261,0.0004422821760283061,8929,-1
0.4799999999999999,8,19800,4796,4.9192,30903,False,True,False,1986188,469435,0.19116737381918966,0.2258,2258,0.0004428697962798937,8925,-1
0.4799999999999999,9,19800,4772,4.9144,18822,False,True,False,1890050,529532,0.21885267785923354,0.229,2290,0.0004366812227074236,9045,-1
0.49999999999999994,0,19800,4857,4.9314,36538,False,True,False,1927055,519901,0.2124684710309462,0.2284,2284,0.00043782837127845885,9025,-1
0.49999999999999994,1,19800,4893,4.9386,20887,False,True,False,1919051,483562,0.20126503935506884,0.2255,2255,0.0004434589800443459,8908,-1
0.49999999999999994,2,19800,5025,4.965,16438,False,True,False,2061796,443226,0.176934973026185,0.2235,2235,0.00044742729306487697,8824,-1
0.49999999999999994,3,19800,4952,4.9504,26031,False,True,False,2040750,507076,0.19902301020556348,0.2297,2297,0.00043535045711797995,9068,-1
0.49999999999999994,4,19800,4980,4.956,37545,False,True,False,1988842,511023,0.20442023869288942,0.2239,2239,0.00044662795891022776,8851,-1
0.49999999999999994,5,19800,4985,4.957,18502,False,True,False,1932822,514901,0.2103591787142581,0.2238,2238,0.00044682752457551384,8853,-1
0.49999999999999994,6,19800,4990,4.958,34195,False,True,False,2113030,518488,0.19703000321487446,0.222,2220,0.00045045045045045046,8794,-1
0.49999999999999994,7,19800,4910,4.942,17080,False,True,False,1974077,481782,0.1961765720263256,0.2236,2236,0.0004472271914132379,8836,-1
0.49999999999999994,8,19800,4968,4.9536,29397,False,True,False,2070886,475027,0.1865841448627663,0.2269,2269,0.00044072278536800354,8966,-1
0.49999999999999994,9,19800,5016,4.9632,32036,False,True,False,2018580,570095,0.2202265637826301,0.2257,2257,0.00044306601683650863,8915,-1
0.5199999999999999,0,19800,5225,5.005,41512,False,True,False,1907974,513630,0.2121032175368062,0.2304,2304,0.00043402777777777775,9119,-1
0.5199999999999999,1,19800,5220,5.004,27566,False,True,False,2001375,509131,0.20280015263855175,0.222,2220,0.00045045045045045046,8775,-1
0.5199999999999999,2,19800,5231,5.0062,32940,False,True,False,1922142,527131,0.21521937325892213,0.2265,2265,0.0004415011037527594,8957,-1
0.5199999999999999,3,19800,5189,4.9978,25025,False,True,False,1958294,499181,0.20312760048423686,0.2253,2253,0.0004438526409232135,8910,-1
0.5199999999999999,4,19800,5151,4.9902,31326,False,True,False,1981211,513214,0.20574441003437666,0.2288,2288,0.00043706293706293706,9056,-1
0.5199999999999999,5,19800,5158,4.9916,23467,False,True,False,1954831,483687,0.19835285201913622,0.2244,2244,0.000445632798573975,8870,-1
0.5199999999999999,6,19800,5272,5.0144,52071,False,True,False,1918967,574937,0.23053694127761132,0.2258,2258,0.0004428697962798937,8926,-1
0.5199999999999999,7,19800,5227,5.0054,18043,False,True,False,2002629,521905,0.2067332030386598,0.2216,2216,0.0004512635379061372,8761,-1
0.5199999999999999,8,19800,5231,5.0062,24942,False,True,False,2064449,506070,0.1968746389347832,0.2268,2268,0.0004409171075837742,8959,-1
0.5199999999999999,9,19800,5223,5.0046,24512,False,True,False,1997204,470682,0.1907227481334227,0.2281,2281,0.00043840420868040335,9015,-1
0.5399999999999999,0,19800,5491,5.0582,27814,False,True,False,1956804,526223,0.21192802172509603,0.223,2230,0.0004484304932735426,8817,-1
0.5399999999999999,1,19800,5429,5.0458,21751,False,True,False,1971739,480388,0.1959066557319421,0.226,2260,0.0004424778761061947,8925,-1
0.5399999999999999,2,19800,5369,5.0338,41991,False,True,False,2023622,547604,0.21297388872078923,0.224,2240,0.0004464285714285714,8852,-1
0.5399999999999999,3,19800,5412,5.0424,34588,False,True,False,2079264,509828,0.1969138215250752,0.2198,2198,0.00045495905368516835,8688,-1
0.5399999999999999,4,19800,5330,5.026,22222,False,True,False,1999303,506473,0.20212221683023543,0.2245,2245,0.00044543429844097997,8869,-1
0.5399999999999999,5,19800,5369,5.0338,50207,False,True,False,2127328,511216,0.1937492799058875,0.2202,2202,0.00045413260672116256,8702,-1
0.5399999999999999,6,19800,5349,5.0298,26276,False,True,False,1996726,514250,0.20480084238160778,0.2232,2232,0.00044802867383512545,8819,-1
0.5399999999999999,7,19800,5477,5.0554,22591,False,True,False,1969914,481273,0.1963428330845423,0.2251,2251,0.000444247001332741,8904,-1
0.5399999999999999,8,19800,5467,5.0534,20699,False,True,False,2031644,555850,0.21482175417604832,0.2248,2248,0.00044483985765124553,8886,-1
0.5399999999999999,9,19800,5489,5.0578,86749,False,True,False,1878631,575417,0.23447666875301543,0.2283,2283,0.0004380201489268506,9027,-1
0.5599999999999999,0,19800,5622,5.0844,105716,False,True,False,2024361,783095,0.2789340242554113,0.2182,2182,0.00045829514207149406,8622,-1
0.5599999999999999,1,19800,5596,5.0792,23434,False,True,False,2032728,545401,0.21154915056616638,0.2193,2193,0.00045599635202918376,8679,-1
0.5599999999999999,2,19800,5579,5.0758,29880,False,True,False,1967276,645892,0.24716818819149783,0.2246,2246,0.0004452359750667854,8878,-1
0.5599999999999999,3,19800,5526,5.0652,16216,False,True,False,1954694,607810,0.23719377608776415,0.2251,2251,0.000444247001332741,8897,-1
0.5599999999999999,4,19800,5615,5.083,25726,False,True,False,2047470,584506,0.22207877275476676,0.2214,2214,0.00045167118337850043,8753,-1
0.5599999999999999,5,19800,5612,5.0824,20693,False,True,False,1869341,566613,0.2326041460553032,0.2254,2254,0.00044365572315882877,8902,-1
0.5599999999999999,6,19800,5627,5.0854,19871,False,True,False,2011406,550130,0.21476567184689185,0.2228,2228,0.0004488330341113106,8798,-1
0.5599999999999999,7,19800,5516,5.0632,36187,False,True,False,1976082,568039,0.2232751508281249,0.2266,2266,0.000441306266548985,8956,-1
0.5599999999999999,8,19800,5621,5.0842,23562,False,True,False,1945368,559168,0.22326211322177042,0.2205,2205,0.00045351473922902497,8730,-1
0.5599999999999999,9,19800,5606,5.0812,27270,False,True,False,2012816,555157,0.2161849053708898,0.2228,2228,0.0004488330341113106,8794,-1
0.58,0,19800,5781,5.1162,23949,False,True,False,2004688,570036,0.22139693419566525,0.2201,2201,0.00045433893684688776,8686,-1
0.58,1,19800,5752,5.1104,27371,False,True,False,1991227,578013,0.22497431146953964,0.2212,2212,0.0004520795660036166,8747,-1
0.58,2,19800,5831,5.1262,21560,False,True,False,1914976,554655,0.22459023230595987,0.225,2250,0.00044444444444444447,8891,-1
0.58,3,19800,5832,5.1264,26484,False,True,False,2000480,584614,0.22614806270100815,0.2177,2177,0.00045934772622875517,8608,-1
0.58,4,19800,5760,5.112,24485,False,True,False,1963954,625687,0.24161148205484853,0.2217,2217,0.0004510599909788002,8765,-1
0.58,5,19800,5819,5.1238,18847,False,True,False,1918071,590236,0.23531250361299474,0.2213,2213,0.00045187528242205153,8740,-1
0.58,6,19800,5821,5.1242,22735,False,True,False,1916669,501808,0.2074892587359731,0.2276,2276,0.0004393673110720562,8988,-1
0.58,7,19800,5905,5.141,17834,False,True,False,1973146,575549,0.22582105744312286,0.2209,2209,0.0004526935264825713,8738,-1
0.58,8,19800,5868,5.1336,75213,False,True,False,2013998,600832,0.22977860893442403,0.2209,2209,0.0004526935264825713,8726,-1
0.58,9,19800,5814,5.1228,36320,False,True,False,1925475,614217,0.2418470428697653,0.2219,2219,0.0004506534474988734,8779,-1
0.5999999999999999,0,19800,5992,5.1584,37085,False,True,False,1947034,612313,0.23924579199303572,0.2201,2201,0.00045433893684688776,8699,-1
0.5999999999999999,1,19800,6054,5.1708,23988,False,True,False,1906544,587822,0.2356598831125825,0.2231,2231,0.00044822949350067237,8821,-1
0.5999999999999999,2,19800,5937,5.1474,21059,False,True,False,2118224,609167,0.22335154732123116,0.2194,2194,0.00045578851412944393,8683,-1
0.5999999999999999,3,19800,6082,5.1764,21103,False,True,False,1945611,598170,0.23514995984324122,0.22,2200,0.00045454545454545455,8691,-1
0.5999999999999999,4,19800,5973,5.1546,57701,False,True,False,1990773,627759,0.23973699767656076,0.2203,2203,0.00045392646391284613,8709,-1
0.5999999999999999,5,19800,6055,5.171,18451,False,True,False,2029959,582603,0.22300064075034393,0.2217,2217,0.0004510599909788002,8761,-1
0.5999999999999999,6,19800,5889,5.1378,35297,False,True,False,1961666,559839,0.22202573463070666,0.221,2210,0.00045248868778280545,8740,-1
0.5999999999999999,7,19800,6060,5.172,38997,False,True,False,1873535,591788,0.24004481360048968,0.2248,2248,0.00044483985765124553,8886,-1
0.5999999999999999,8,19800,5987,5.1574,48555,False,True,False,1999305,558757,0.2184298113180994,0.2204,2204,0.00045372050816696913,8712,-1
0.5999999999999999,9,19800,5940,5.148,30310,False,True,False,2013471,546413,0.2134522501800863,0.2194,2194,0.00045578851412944393,8672,-1
0.6199999999999999,0,19800,6298,5.2196,31746,False,True,False,1974763,685445,0.2576659419113092,0.2155,2155,0.0004640371229698376,8508,-1
0.6199999999999999,1,19800,6182,5.1964,26801,False,True,False,1968443,601642,0.23409420311001386,0.2184,2184,0.0004578754578754579,8630,-1
0.6199999999999999,2,19800,6152,5.1904,23720,False,True,False,2110534,580915,0.21583726832646652,0.215,2150,0.00046511627906976747,8507,-1
0.6199999999999999,3,19800,6202,5.2004,41058,False,True,False,1965102,627202,0.24194770366438503,0.2233,2233,0.0004478280340349306,8816,-1
0.6199999999999999,4,19800,6237,5.2074,18373,False,True,False,1949749,566991,0.22528787240636697,0.2213,2213,0.00045187528242205153,8755,-1
0.6199999999999999,5,19800,6178,5.1956,36797,False,True,False,2069607,599271,0.2245404248526909,0.2195,2195,0.00045558086560364467,8683,-1
0.6199999999999999,6,19800,6161,5.1922,53313,False,True,False,2107850,638013,0.23235427259116714,0.2177,2177,0.00045934772622875517,8607,-1
0.6199999999999999,7,19800,6191,5.1982,44941,False,True,False,2055414,592171,0.22366458489529137,0.2157,2157,0.0004636068613815484,8526,-1
0.6199999999999999,8,19800,6270,5.214,35242,False,True,False,2008351,623158,0.23680633431236603,0.2167,2167,0.00046146746654360867,8577,-1
0.6199999999999999,9,19800,6164,5.1928,53594,False,True,False,2120899,627479,0.22830884252457267,0.2198,2198,0.00045495905368516835,8690,-1
0.6399999999999999,0,19800,6336,5.2272,92887,False,True,False,1899528,708981,0.271795496967808,0.2194,2194,0.00045578851412944393,8676,-1
0.6399999999999999,1,19800,6415,5.243,25091,False,True,False,1880656,630206,0.2509918904344404,0.2197,2197,0.0004551661356395084,8692,-1
0.6399999999999999,2,19800,6385,5.237,26903,False,True,False,1941194,625408,0.24367159380379194,0.2176,2176,0.00045955882352941176,8610,-1
0.6399999999999999,3,19800,6405,5.241,29656,False,True,False,2052415,637959,0.2371265110352687,0.217,2170,0.0004608294930875576,8577,-1
0.6399999999999999,4,19800,6461,5.2522,29525,False,True,False,1974242,726852,0.26909541097051787,0.2165,2165,0.00046189376443418013,8562,-1
0.6399999999999999,5,19800,6390,5.238,21648,False,True,False,2065784,567087,0.21538730913895895,0.2172,2172,0.00046040515653775324,8587,-1
0.6399999999999999,6,19800,6373,5.2346,20515,False,True,False,1984025,694080,0.25916832984517035,0.2199,2199,0.00045475216007276033,8689,-1
0.6399999999999999,7,19800,6421,5.2442,27140,False,True,False,1945283,651092,0.2507696307351596,0.2194,2194,0.00045578851412944393,8682,-1
0.6399999999999999,8,19800,6406,5.2412,29408,False,True,False,2110321,599882,0.2213420913488768,0.2148,2148,0.0004655493482309125,8495,-1
0.6399999999999999,9,19800,6296,5.2192,28834,False,True,False,2045911,567575,0.21717162441275753,0.2175,2175,0.0004597701149425287,8598,-1
0.6599999999999999,0,19800,6634,5.2868,30223,False,True,False,2012373,701846,0.25858119775891336,0.2178,2178,0.0004591368227731864,8616,-1
0.6599999999999999,1,19800,6635,5.287,14999,False,True,False,1888640,661357,0.25935599139920557,0.2199,2199,0.00045475216007276033,8696,-1
0.6599999999999999,2,19800,6630,5.286,21020,False,True,False,2008489,652326,0.2451602234653668,0.2118,2118,0.00047214353163361664,8373,-1
0.6599999999999999,3,19800,6566,5.2732,32481,False,True,False,1966952,648047,0.24781921522723335,0.2167,2167,0.00046146746654360867,8571,-1
0.6599999999999999,4,19800,6655,5.291,60712,False,True,False,1966688,710889,0.2654971266932753,0.2144,2144,0.0004664179104477612,8483,-1
0.6599999999999999,5,19800,6628,5.2856,40115,False,True,False,1950991,685097,0.2598915514201347,0.2179,2179,0.0004589261128958238,8606,-1
0.6599999999999999,6,19800,6642,5.2884,28358,False,True,False,1974555,692870,0.25975238291610825,0.2142,2142,0.00046685340802987864,8464,-1
0.6599999999999999,7,19800,6667,5.2934,34794,False,True,False,2037243,634745,0.23755533333233533,0.2147,2147,0.0004657661853749418,8499,-1
0.6599999999999999,8,19800,6577,5.2754,25855,False,True,False,1937492,645476,0.2498970176943733,0.2171,2171,0.00046061722708429296,8588,-1
0.6599999999999999,9,19800,6540,5.268,43140,False,True,False,1935096,579910,0.23057996680723625,0.2196,2196,0.0004553734061930783,8680,-1
0.6799999999999999,0,19800,6792,5.3184,45384,False,True,False,2043450,732901,0.263979950661858,0.2156,2156,0.00046382189239332097,8521,-1
0.6799999999999999,1,19800,6795,5.319,24379,False,True,False,1970475,650281,0.24812725793625962,0.2116,2116,0.0004725897920604915,8359,-1
0.6799999999999999,2,19800,6817,5.3234,37570,False,True,False,1987619,629751,0.24060449993695962,0.2144,2144,0.0004664179104477612,8473,-1
0.6799999999999999,3,19800,6681,5.2962,40029,False,True,False,1984963,662562,0.25025712693931124,0.2147,2147,0.0004657661853749418,8482,-1
0.6799999999999999,4,19800,6719,5.3038,44645,False,True,False,1939060,718512,0.2703640766835292,0.2214,2214,0.00045167118337850043,8757,-1
0.6799999999999999,5,19800,6812,5.3224,34296,False,True,False,1932935,723434,0.27233942272327377,0.2172,2172,0.00046040515653775324,8583,-1
0.6799999999999999,6,19800,6799,5.3198,24864,False,True,False,1976402,717843,0.26643568049676253,0.2159,2159,0.0004631773969430292,8539,-1
0.6799999999999999,7,19800,6820,5.324,17560,False,True,False,1970757,684891,0.2578997668365687,0.2171,2171,0.00046061722708429296,8585,-1
0.6799999999999999,8,19800,6865,5.333,21601,False,True,False,1878038,668156,0.2624136259845086,0.217,2170,0.0004608294930875576,8569,-1
0.6799999999999999,9,19800,6902,5.3404,26085,False,True,False,1979550,736446,0.2711513566293912,0.2147,2147,0.0004657661853749418,8487,-1
0.7,0,19800,6931,5.3462,38195,False,True,False,1931820,659702,0.25456160511081904,0.2149,2149,0.00046533271288971617,8505,-1
0.7,1,19800,7049,5.3698,49809,False,True,False,1961989,667638,0.25389076093301444,0.2144,2144,0.0004664179104477612,8474,-1
0.7,2,19800,6951,5.3502,24599,False,True,False,1832809,689901,0.27347614271953574,0.2179,2179,0.0004589261128958238,8618,-1
0.7,3,19800,6997,5.3594,27738,False,True,False,1977027,717727,0.26634230805483544,0.2142,2142,0.00046685340802987864,8461,-1
0.7,4,19800,7004,5.3608,21981,False,True,False,1965659,671998,0.2547708060600753,0.2152,2152,0.00046468401486988845,8509,-1
0.7,5,19800,7025,5.365,35079,False,True,False,1938774,829000,0.29951867457386333,0.2119,2119,0.00047192071731949034,8385,-1
0.7,6,19800,7017,5.3634,40580,False,True,False,1965186,694866,0.2612227129394463,0.2179,2179,0.0004589261128958238,8615,-1
0.7,7,19800,6974,5.3548,53253,False,True,False,1936117,726012,0.2727185647277048,0.2158,2158,0.0004633920296570899,8536,-1
0.7,8,19800,7019,5.3638,43587,False,True,False,1984768,672754,0.25315086761276107,0.2155,2155,0.0004640371229698376,8528,-1
0.7,9,19800,6942,5.3484,64449,False,True,False,2039436,723081,0.26174716752874283,0.2134,2134,0.00046860356138706655,8433,-1
0.7199999999999999,0,19800,7140,5.388,26928,False,True,False,2016488,774627,0.2775331722268699,0.2102,2102,0.0004757373929590866,8311,-1
0.7199999999999999,1,19800,7235,5.407,38899,False,True,False,2096983,693666,0.24856798543994604,0.212,2120,0.0004716981132075472,8386,-1
0.7199999999999999,2,19800,7168,5.3936,44006,False,True,False,2084388,709278,0.25388790213289636,0.212,2120,0.0004716981132075472,8375,-1
0.7199999999999999,3,19800,7207,5.4014,29120,False,True,False,1990818,773637,0.27985154397521395,0.2123,2123,0.0004710315591144607,8398,-1
0.7199999999999999,4,19800,7132,5.3864,23988,False,True,False,1937288,662933,0.2549525598016476,0.2162,2162,0.00046253469010175765,8548,-1
0.7199999999999999,5,19800,7141,5.3882,72733,False,True,False,1970065,735123,0.27174562359436755,0.2133,2133,0.00046882325363338024,8430,-1
0.7199999999999999,6,19800,7294,5.4188,46417,False,True,False,2078756,819124,0.2826631882617638,0.2097,2097,0.0004768717215069146,8289,-1
0.7199999999999999,7,19800,7198,5.3996,28848,False,True,False,2020396,728092,0.2649063776156199,0.2151,2151,0.00046490004649000463,8508,-1
0.7199999999999999,8,19800,7222,5.4044,23481,False,True,False,1969642,712025,0.26551581534918395,0.2124,2124,0.00047080979284369113,8392,-1
0.7199999999999999,9,19800,7169,5.3938,32422,False,True,False,1975176,662953,0.2512966575933171,0.2115,2115,0.00047281323877068556,8364,-1
0.7399999999999999,0,19800,7456,5.4512,38399,False,True,False,1961077,792094,0.2877024347561412,0.2114,2114,0.0004730368968779565,8354,-1
0.7399999999999999,1,19800,7451,5.4502,48421,False,True,False,1964118,812064,0.29251108176625307,0.2121,2121,0.0004714757190004715,8391,-1
0.7399999999999999,2,19800,7393,5.4386,25307,False,True,False,1881424,719033,0.2765025532050713,0.211,2110,0.00047393364928909954,8345,-1
0.7399999999999999,3,19800,7448,5.4496,37376,False,True,False,2022392,807875,0.2854412675553225,0.2111,2111,0.0004737091425864519,8335,-1
0.7399999999999999,4,19800,7340,5.428,39195,False,True,False,1992718,725520,0.2669081956767583,0.2148,2148,0.0004655493482309125,8481,-1
0.7399999999999999,5,19800,7406,5.4412,41796,False,True,False,1904835,819383,0.30077732398802154,0.2138,2138,0.0004677268475210477,8448,-1
0.7399999999999999,6,19800,7358,5.4316,36241,False,True,False,2019978,668615,0.24868583679270162,0.2128,2128,0.00046992481203007516,8399,-1
0.7399999999999999,7,19800,7412,5.4424,39582,False,True,False,1944792,779534,0.28613829622446063,0.213,2130,0.00046948356807511736,8426,-1
0.7399999999999999,8,19800,7413,5.4426,59868,False,True,False,2141135,722329,0.25225705648822544,0.2131,2131,0.0004692632566870014,8421,-1
0.7399999999999999,9,19800,7340,5.428,30191,False,True,False,1969601,717004,0.2668810636472425,0.2167,2167,0.00046146746654360867,8563,-1
0.7599999999999999,0,19800,7624,5.4848,48689,False,True,False,2105817,711201,0.252465905436174,0.209,2090,0.0004784688995215311,8263,-1
0.7599999999999999,1,19800,7626,5.4852,27025,False,True,False,1935913,793312,0.29067299324899926,0.2124,2124,0.00047080979284369113,8396,-1
0.7599999999999999,2,19800,7647,5.4894,47063,False,True,False,1992813,751428,0.27381997426610855,0.2106,2106,0.0004748338081671415,8325,-1
0.7599999999999999,3,19800,7580,5.476,26371,False,True,False,1916106,675916,0.2607678484210396,0.2113,2113,0.000473260766682442,8351,-1
0.7599999999999999,4,19800,7566,5.4732,24946,False,True,False,2031081,801507,0.28295925845904873,0.2087,2087,0.0004791566842357451,8245,-1
0.7599999999999999,5,19800,7663,5.4926,38718,False,True,False,2071677,821026,0.2838265801916063,0.2079,2079,0.000481000481000481,8219,-1
0.7599999999999999,6,19800,7582,5.4764,37349,False,True,False,1988749,793366,0.2851665010252991,0.2112,2112,0.0004734848484848485,8338,-1
0.7599999999999999,7,19800,7655,5.491,76945,False,True,False,1943760,818766,0.2963830928650083,0.2095,2095,0.00047732696897374703,8285,-1
0.7599999999999999,8,19800,7636,5.4872,51678,False,True,False,1967884,777836,0.28329035735617614,0.2119,2119,0.00047192071731949034,8376,-1
0.7599999999999999,9,19800,7606,5.4812,38799,False,True,False,2074363,785389,0.2746353529956444,0.208,2080,0.0004807692307692308,8223,-1
0.7799999999999999,0,19800,7745,5.509,41544,False,True,False,2020837,722772,0.2634384126892717,0.2107,2107,0.00047460844803037496,8323,-1
0.7799999999999999,1,19800,7760,5.512,20113,False,True,False,1898192,766801,0.28773096214511634,0.2095,2095,0.00047732696897374703,8275,-1
0.7799999999999999,2,19800,7761,5.5122,34947,False,True,False,1860439,779063,0.29515529823428815,0.2137,2137,0.0004679457182966776,8439,-1
0.7799999999999999,3,19800,7859,5.5318,29651,False,True,False,1899921,776000,0.28999361341384894,0.2097,2097,0.0004768717215069146,8291,-1
0.7799999999999999,4,19800,7841,5.5282,26447,False,True,False,2055039,767697,0.27196911082014047,0.2101,2101,0.00047596382674916705,8308,-1
0.7799999999999999,5,19800,7743,5.5086,32983,False,True,False,1924199,788708,0.2907243042242141,0.2085,2085,0.00047961630695443646,8241,-1
0.7799999999999999,6,19800,7836,5.5272,23744,False,True,False,1906466,794904,0.2942595793986014,0.2107,2107,0.00047460844803037496,8332,-1
0.7799999999999999,7,19800,7825,5.525,27756,False,True,False,1941812,745237,0.2773440305703394,0.2097,2097,0.0004768717215069146,8298,-1
0.7799999999999999,8,19800,7754,5.5108,58535,False,True,False,2091578,848575,0.28861593257221646,0.2083,2083,0.00048007681228996637,8238,-1
0.7799999999999999,9,19800,7804,5.5208,39362,False,True,False,2020932,764194,0.27438399555352255,0.2099,2099,0.0004764173415912339,8309,-1
0.7999999999999999,0,19800,7982,5.5564,29991,False,True,False,1926455,791661,0.2912535741668126,0.2096,2096,0.00047709923664122136,8290,-1
0.7999999999999999,1,19800,7997,5.5594,22155,False,True,False,1997624,815588,0.2899134512436318,0.203,2030,0.0004926108374384236,8017,-1
0.7999999999999999,2,19800,7986,5.5572,53177,False,True,False,1949563,928801,0.322683649461986,0.2107,2107,0.00047460844803037496,8325,-1
0.7999999999999999,3,19800,8015,5.563,35890,False,True,False,1971124,816479,0.292896441853449,0.2066,2066,0.000484027105517909,8160,-1
0.7999999999999999,4,19800,7990,5.558,45539,False,True,False,2034240,831408,0.2901291435654344,0.2069,2069,0.0004833252779120348,8183,-1
0.7999999999999999,5,19800,8107,5.5814,30592,False,True,False,1948993,804555,0.29218847828329125,0.2092,2092,0.0004780114722753346,8276,-1
0.7999999999999999,6,19800,7993,5.5586,32207,False,True,False,2019989,786965,0.2803626279589904,0.2092,2092,0.0004780114722753346,8263,-1
0.7999999999999999,7,19800,8021,5.5642,21789,False,True,False,1862567,779600,0.29506083453468307,0.2111,2111,0.0004737091425864519,8343,-1
0.7999999999999999,8,19800,7996,5.5592,22830,False,True,False,1931196,764192,0.2835183654449749,0.2086,2086,0.00047938638542665386,8245,-1
0.7999999999999999,9,19800,7999,5.5598,38662,False,True,False,2042602,824818,0.287651617133172,0.2104,2104,0.0004752851711026616,8320,-1
0.8199999999999998,0,19800,8242,5.6084,42864,False,True,False,1956397,822959,0.2960970095230694,0.2093,2093,0.00047778308647873863,8275,-1
0.8199999999999998,1,19800,8199,5.5998,32654,False,True,False,1990723,812782,0.2899163725408016,0.2084,2084,0.0004798464491362764,8228,-1
0.8199999999999998,2,19800,8229,5.6058,62536,False,True,False,1972606,839200,0.2984558678657062,0.2036,2036,0.0004911591355599214,8036,-1
0.8199999999999998,3,19800,8276,5.6152,28787,False,True,False,2002344,828130,0.2925764377273912,0.2094,2094,0.0004775549188156638,8275,-1
0.8199999999999998,4,19800,8204,5.6008,26215,False,True,False,2000365,894412,0.30897440459144176,0.2043,2043,0.0004894762604013706,8072,-1
0.8199999999999998,5,19800,8234,5.6068,20157,False,True,False,1890618,770957,0.2896619482825019,0.2081,2081,0.0004805382027871216,8220,-1
0.8199999999999998,6,19800,8252,5.6104,21480,False,True,False,1948845,775163,0.28456707909815243,0.2106,2106,0.0004748338081671415,8342,-1
0.8199999999999998,7,19800,8238,5.6076,47774,False,True,False,1944026,808181,0.29364833386442224,0.2102,2102,0.0004757373929590866,8300,-1
0.8199999999999998,8,19800,8266,5.6132,60306,False,True,False,1923162,898271,0.318374031919241,0.2074,2074,0.00048216007714561236,8202,-1
0.8199999999999998,9,19800,8159,5.5918,29503,False,True,False,2021515,873976,0.30184034417651445,0.2052,2052,0.0004873294346978557,8108,-1
0.8399999999999999,0,19800,8431,5.6462,30341,False,True,False,1977285,785718,0.2843710267415562,0.211,2110,0.00047393364928909954,8337,-1
0.8399999999999999,1,19800,8418,5.6436,34063,False,True,False,1906559,837947,0.30531796979128484,0.2075,2075,0.00048192771084337347,8211,-1
0.8399999999999999,2,19800,8362,5.6324,41321,False,True,False,2050476,862321,0.2960456907913597,0.2046,2046,0.0004887585532746823,8082,-1
0.8399999999999999,3,19800,8385,5.637,27726,False,True,False,1930801,938696,0.32712911008445034,0.2018,2018,0.0004955401387512388,7976,-1
0.8399999999999999,4,19800,8375,5.635,37988,False,True,False,2074093,811704,0.28127550205367874,0.2072,2072,0.00048262548262548264,8190,-1
0.8399999999999999,5,19800,8433,5.6466,29609,False,True,False,1909882,934484,0.32853859172835,0.2045,2045,0.0004889975550122249,8088,-1
0.8399999999999999,6,19800,8394,5.6388,34524,False,True,False,2047960,782269,0.27639777558635714,0.2072,2072,0.00048262548262548264,8186,-1
0.8399999999999999,7,19800,8381,5.6362,24706,False,True,False,1954084,788985,0.2876285649394893,0.2084,2084,0.0004798464491362764,8243,-1
0.8399999999999999,8,19800,8417,5.6434,30955,False,True,False,1954808,841742,0.30099300924353223,0.2052,2052,0.0004873294346978557,8106,-1
0.8399999999999999,9,19800,8459,5.6518,28523,False,True,False,1884175,910532,0.3258058894903831,0.2068,2068,0.00048355899419729207,8180,-1
0.8599999999999999,0,19800,8568,5.6736,29071,False,True,False,1974408,829775,0.29590615163133077,0.2049,2049,0.0004880429477794046,8102,-1
0.8599999999999999,1,19800,8626,5.6852,31352,False,True,False,1893324,892584,0.32039248962995187,0.2101,2101,0.00047596382674916705,8295,-1
0.8599999999999999,2,19800,8600,5.68,49986,False,True,False,1981528,862902,0.3033655249030561,0.2049,2049,0.0004880429477794046,8104,-1
0.8599999999999999,3,19800,8623,5.6846,34174,False,True,False,1934184,900938,0.31777750657643655,0.205,2050,0.0004878048780487805,8112,-1
0.8599999999999999,4,19800,8567,5.6734,67565,False,True,False,1979772,927308,0.3189826217372759,0.2084,2084,0.0004798464491362764,8236,-1
0.8599999999999999,5,19800,8578,5.6756,38555,False,True,False,2023041,876660,0.30232772275486336,0.2034,2034,0.0004916420845624386,8042,-1
0.8599999999999999,6,19800,8569,5.6738,28290,False,True,False,1965322,834889,0.29815217496110114,0.2058,2058,0.00048590864917395527,8140,-1
0.8599999999999999,7,19800,8566,5.6732,27742,False,True,False,1955972,871218,0.3081568624676799,0.2048,2048,0.00048828125,8094,-1
0.8599999999999999,8,19800,8601,5.6802,31385,False,True,False,1992286,876964,0.30564224100374665,0.2055,2055,0.00048661800486618007,8129,-1
0.8599999999999999,9,19800,8601,5.6802,51802,False,True,False,2068167,855453,0.29260061157058714,0.206,2060,0.0004854368932038835,8144,-1
0.8799999999999999,0,19800,8800,5.72,49146,False,True,False,1931518,928681,0.3246910442245452,0.2039,2039,0.0004904364884747426,8059,-1
0.8799999999999999,1,19800,8737,5.7074,53035,False,True,False,1975143,900790,0.31321661526885364,0.2063,2063,0.0004847309743092584,8152,-1
0.8799999999999999,2,19800,8821,5.7242,19178,False,True,False,1946639,841287,0.3017608788755512,0.2028,2028,0.0004930966469428008,8014,-1
0.8799999999999999,3,19800,8841,5.7282,34498,False,True,False,2069249,927415,0.3094824778487011,0.2041,2041,0.0004899559039686428,8064,-1
0.8799999999999999,4,19800,8764,5.7128,18792,False,True,False,1895804,861676,0.3124867632766149,0.2043,2043,0.0004894762604013706,8088,-1
0.8799999999999999,5,19800,8807,5.7214,64308,False,True,False,2090277,925133,0.306801728454837,0.2024,2024,0.0004940711462450593,7997,-1
0.8799999999999999,6,19800,8787,5.7174,32853,False,True,False,2002840,881864,0.3057034621229769,0.2052,2052,0.0004873294346978557,8120,-1
0.8799999999999999,7,19800,8819,5.7238,20743,False,True,False,1921670,873099,0.3124047103714117,0.2051,2051,0.00048756704046806434,8109,-1
0.8799999999999999,8,19800,8738,5.7076,27044,False,True,False,2035491,856362,0.29612916009216234,0.2013,2013,0.0004967709885742673,7962,-1
0.8799999999999999,9,19800,8788,5.7176,32613,False,True,False,1976435,916478,0.31680109287766345,0.2052,2052,0.0004873294346978557,8108,-1
0.8999999999999999,0,19800,9015,5.763,34187,False,True,False,1891880,895902,0.3213673092085393,0.2031,2031,0.0004923682914820286,8038,-1
0.8999999999999999,1,19800,9002,5.7604,60106,False,True,False,2020791,886261,0.30486589163179745,0.2049,2049,0.0004880429477794046,8094,-1
0.8999999999999999,2,19800,9044,5.7688,25115,False,True,False,2014784,906467,0.3103009635255581,0.2006,2006,0.0004985044865403788,7937,-1
0.8999999999999999,3,19800,9009,5.7618,36724,False,True,False,1908124,895889,0.319502441679122,0.2045,2045,0.0004889975550122249,8097,-1
0.8999999999999999,4,19800,9018,5.7636,54500,False,True,False,2031596,818803,0.28725908197413763,0.2058,2058,0.00048590864917395527,8136,-1
0.8999999999999999,5,19800,8982,5.7564,38689,False,True,False,1974600,872491,0.3064499870218409,0.2078,2078,0.00048123195380173246,8210,-1
0.8999999999999999,6,19800,8999,5.7598,30697,False,True,False,1932594,911972,0.3206014555471731,0.1997,1997,0.000500751126690035,7896,-1
0.8999999999999999,7,19800,9002,5.7604,27146,False,True,False,1908744,902936,0.3211375405451545,0.2065,2065,0.00048426150121065375,8164,-1
0.8999999999999999,8,19800,9056,5.7712,27244,False,True,False,1977351,975973,0.3304659427817605,0.2046,2046,0.0004887585532746823,8089,-1
0.8999999999999999,9,19800,8990,5.758,46831,False,True,False,1985345,965074,0.3270972699131886,0.203,2030,0.0004926108374384236,8027,-1
